IP,Hash,URL,Data,Date Added
,0159c232e9bdd983f8280211c6a4b23a83d735dabc768022876b44dbbf17c482,,https://alln-extcloud-storage.cisco.com/ciscoblogs/5ab90ee317871.txt,27-Mar
,05477a397d57099b6f1e5b5da9248598ead9813890fb1622652f01bdf8e07cd3,,,
,05a9635c4fa2ae030d0f01964aa75f343e223af778aff9d73174875bebfda8de,,,
,0f4c051987a8470289060e8556911a9bc0f22da863f3d50851b27bdb2cb80da4,,,
,102ab656a6da5d29e284e53f3038863d99058e39e3ca005d3168ad7dfbf354c8,,,
,1545a65c6b8564cbf26b399286a3b32ce204c6f650dbc4a5a64a6505f87cc723,,,
,157942e817f4b619aa0f5445ccdab220e9d2548307c85cee3e8700f220cac999,,,
,2020b8e5ff85854c603c41cad47061a3bf69b2b7a3c53b564b7119c2e17438df,,,
,20377bfd2f040c8e0a8742be4f5ed122986dd71f0a6acf803ee2817d96f92a15,,,
,282ca732c011f3d1fc426718b99acd38f55ffe43cd6763c0b98e31a933976622,,,
,2f55acaf0cb8c21d121434e69214a3ccdbc64c46126083fa2d390131772453ea,,,
,32ae1154fb9459ef1f2b217cc49756cf38b641b035ab9365229b94a0b7352551,,,
,370dea1cc8500ca3d649df5308af03613dad1f40199500cb735b85e0e673bd0f,,,
,37df296572dce29c84898dc3f187fc7304a278730e825b9923412b867a88ac11,,,
,3b49e25e161538baac3babce8755ec45245bec7a80ff5465c7b0838c4ebae19f,,,
,41d221b2cdb475db89d3f9786952d09c9d407716ae329899f0b2d774f5ce1704,,,
,4b888de7d81be5c58943d99df42685c8b1597a3dd20462b392a9662484ea2dac,,,
,50cb04006874e95adb659a1a3bbe8b2dbb3dbb15ea2f5438148f5560ef61e258,,,
,546af611540e98482b3726781826cccae7ffa6da87be1876521110780a623b6e,,,
,5b390b7f2e6be69866acd57209002c087876b9f4e2b8bdcd281c671c4a9a80a3,,,
,5bf3918a124b61a166d31d654b7cb0ab412dda5f1f600f29aa07974e782764f7,,,
,5d62839bd76383c43eca681d9abc6ec4b0df9ae7deadc4ac23bf4d38f4b0b17d,,,
,60de5a8a9cb0d935a57ad8c60943fc711630232ec2564b496c043419ee3eb6a9,,,
,6154b14bb4d7c682262c6e343bf162954cc3bafbbc719b660f8a081b24281a02,,,
,66ff80b4341b706f8d3b7bbc3082348d669c0103187d68f0be9dee47c4c617ca,,,
,67ad6f0cee01cd991880d0756175e49d35ea52e19517f7b2f9941a2269d25cb7,,,
,68af89221274b2b8686c2d62ab2f003f028cf5959adda44ac1f897d42387df20,,,
,6fec415bf926c0ea5b672d693a671435c6798c8deeed462da3221ab3d6cbee39,,,
,77f074a736244a304de87987ae8ca9f292545e910abaaf5d0a256a8a67fbc1f6,,,
,7e11c4178ddfaae2d03fbd35b6048f58d5a479179e562ea9a03dbbe3c71dd721,,,
,81b248ce7a75a6eb4d9af35bdf993eaf29a51d428942a76772f4b85f203d53cd,,,
,837f3d4de8c3e0b409fa52939b8e1bc5c4ebe559c270247ecfad94428b4c5e76,,,
,8844afa5245635ab4f32f598ff28ba63d13d0b31a1eecd36c7ce16bd2c1317c2,,,
,88c6b832ecd365f23d8076eba0ad8a7f661963f6c7bc9afb82ab1170261e3631,,,
,896aee2d759e31c71e4b5e4b69a3470e0b97897399060bab4c3d2d955661129c,,,
,8d9dd4f611e7d66769f44877b95f4b387c093bc58d701b1695e2b75fc5ce178b,,,
,912558c5614e392fdafd2c80eb52a7e58ef4b87e40c3972ff436f8af7c3afacf,,,
,9148a7caa1734ef58bb220706c446e7283e11678817d58c87f533497f8941b82,,,
,9208b28c196686be62bb3d95df858f755af0c279e280dee294067cb783395844,,,
,97b397da7e73f51f3db3accee40ceb45516cce3e4f749f9013501f0679c5e6c8,,,
,982ca85a519bc7dfb9cf0cadd8d30194dcb7628e7efdf6b668ca461a0b7aeb0a,,,
,9d6809571bec7429098bcb7ca0b12f8cb094d9079c6765b10a9c90b881ee9d37,,,
,9ddefdb78069404dd8581e9b46e9fb7a19509cb3000a02cd5e4ce9e2da744857,,,
,9e52fece2e0fa2fbcd3a39a5c75888d5257f6ac6a07ac514ad398d6d1f33385f,,,
,a390df91a70c6d745ec1ee660008964a476e0bb9f1e4e15314ab7117221f3832,,,
,a6e8437bb7b154bf3302f8d808decf713e853b7aecf45ff2e86edd0352892161,,,
,a7f2a6e8c4101736de31d09b6fb195e022e52486712fac1bd8deb6f8712b7072,,,
,a85ce26f3739e133e0d2331313a5d5d617e41efc208e78e850adbc21b8897182,,,
,a93f64c8ab09872d430dd8c2518b0d790b75fab9f26e2e554a8c30d96f8d1ab9,,,
,b06aa98ade6380dd2a622b68c16459158d509b288831715568f9807efa271eb8,,,
,b494725f1ea82048a1aa257d60bb81d879fb13bb3774eb4e2351bf2d4a202342,,,
,b4ce75d44dd898704101516b1d4bf2abcbbea206984efc6bbf46917f5c1cfa3f,,,
,b5ae73e8f9cdf7f3f17769f6b8e3f4b0a997bd93298761f9dd42e01bbde0d537,,,
,bbe27921800f4e478d27655caa83f7f34abcd0f3575cd708cc4bba5d6ada3c17,,,
,bc009d455e2b74ebbe5e3d7efe90f547fa493ad35d9e0261b99bf21edeae33ed,,,
,c016e87dc135ba1311f5fd10ae8592ff8c89fb1cb6f6fb96285a0db911ac58e7,,,
,c25d0f9c58ebf44f312482f4fa3674bd3c0c1d4c1337bf8051ceb1e9661dce02,,,
,c29687a47fcfff0242094020710757dc2c6d7f9bea029dbf1bb8167189800ad9,,,
,c38c609a0ec13ee3bb30baf9d33eebd8fe585812711d36124acf0ae582767289,,,
,cb4ae6533cdacae7c37fd04d2dbe5017cf2be82c94cfa531781c5ecc3a4c2953,,,
,ce1d62490554e11c791665ee52b0a54b2cc81c5f3626741b6fab42cae561bfc5,,,
,d08615d6c29ea77526bf7284fcff19110879347b59f74c06a4f488297c28f127,,,
,d5013d60114db31814c879c530875ae4753f5b1b34b47f8efda0a0bbf25288a2,,,
,d571ab0754b54ad07029a678f925227f287589cd07759461fc54dba76ef38eeb,,,
,dcad1128bef3f0f530b5870c2c6d648a8dc009126cdd63ce183ee96c708d4c39,,,
,e75a98818efbb849bbfa97850f84803fbad0f22b5c2d8062a88515bdcf90d6f7,,,
,eac274621506fed73f513cf220bd26b78b570e9cea2c341a24aba1392b539440,,,
,ece6d98c65b072efc44f062710faf35c640ba6d33c60beb0d329637a9efdc38e,,,
,f3ba8ef1b7623ac310841b8ddc02324f5955df2ec0b1f9e692cea425d1b45553,,,
,f4f6f6dc40190af6bcd10fa7b84c2c1b8208e6c8db9c7de6bdd3e86a73d360eb,,,
,f5cd4a9dcd92a517ab05fb75af3ff9e8d86ccdf72185a6b9a1eade28d2f54d61,,,
,f7b468fe1612da9b4fbf1a60532a4d3977fca23594a5336dcb5e0084c6567d1e,,,
,501d7c038988baff6658e4b7059cc470a7a18388780d6a7dd047adb341374bb3,,,
,805f7cf6f4a5c737ea3a816d630a507f560ea93b3fa8bc9161cb23b4277e4d2f,,,
,5d2d2a744f3accfe16c8796568895f7f6aeb3b05860bf236dce7efd30e477fab,,https://alln-extcloud-storage.cisco.com/ciscoblogs/5ab90ee317871.txt,27-Mar
,,2fclss34f34vds3g[.]onion[.]guide,https://alln-extcloud-storage.cisco.com/ciscoblogs/5ab3babacc363.txt,27-Mar
,,2fclss34f34vds3g[.]onion[.]plus,,
,,2fclss34f34vds3g[.]onion[.]to,,
,,2fclss34f34vds3g[.]onion[.]top,,
,,2ornw2576l5x6qbd[.]onion[.]link,,
,,2ornw2576l5x6qbd[.]onion[.]to,,
,,2wffry2tf7fgieoe[.]onion[.]link,,
,,2wffry2tf7fgieoe[.]onion[.]to,,
,,2xbjijexwh3kzucz[.]onion[.]link,,
,,2xbjijexwh3kzucz[.]onion[.]to,,
,,36ogjlk2a4cj2kkq[.]onion[.]guide,,
,,36ogjlk2a4cj2kkq[.]onion[.]plus,,
,,36ogjlk2a4cj2kkq[.]onion[.]to,,
,,36ogjlk2a4cj2kkq[.]onion[.]top,,
,,37kcwpfxuftyiyie[.]onion[.]link,,
,,37kcwpfxuftyiyie[.]onion[.]to,,
,,3dpiqdi3ht6rt6ar[.]onion[.]guide,,
,,3dpiqdi3ht6rt6ar[.]onion[.]plus,,
,,3dpiqdi3ht6rt6ar[.]onion[.]to,,
,,3dpiqdi3ht6rt6ar[.]onion[.]top,,
,,3o4iasq44nln3gl6[.]onion[.]link,,
,,3o4iasq44nln3gl6[.]onion[.]to,,
,,3oomttogcy5xt6yh[.]onion[.]link,,
,,3oomttogcy5xt6yh[.]onion[.]link,,
,,3oomttogcy5xt6yh[.]onion[.]to,,
,,3oomttogcy5xt6yh[.]onion[.]to,,
,,3xjj3i6rv3bdxd6p[.]onion[.]link,,
,,3xjj3i6rv3bdxd6p[.]onion[.]link,,
,,3xjj3i6rv3bdxd6p[.]onion[.]to,,
,,3xjj3i6rv3bdxd6p[.]onion[.]to,,
,,4i6fo2azfebgx5zf[.]onion[.]link,,
,,4i6fo2azfebgx5zf[.]onion[.]to,,
,,4styaskxqsfqkhza[.]onion[.]guide,,
,,4styaskxqsfqkhza[.]onion[.]plus,,
,,4styaskxqsfqkhza[.]onion[.]to,,
,,4styaskxqsfqkhza[.]onion[.]top,,
,,57auvhrf64spdrne[.]onion[.]guide,,
,,57auvhrf64spdrne[.]onion[.]plus,,
,,57auvhrf64spdrne[.]onion[.]to,,
,,57auvhrf64spdrne[.]onion[.]top,,
,,5qyytvlb4gujxuhg[.]onion[.]link,,
,,5qyytvlb4gujxuhg[.]onion[.]to,,
,,5ss5uibr5nmok3yp[.]onion[.]link,,
,,5ss5uibr5nmok3yp[.]onion[.]to,,
,,5x6leiiycwoetn7u[.]onion[.]link,,
,,5x6leiiycwoetn7u[.]onion[.]to,,
,,5z5zt3qzyp6j4bda[.]onion[.]link,,
,,5z5zt3qzyp6j4bda[.]onion[.]link,,
,,5z5zt3qzyp6j4bda[.]onion[.]to,,
,,5z5zt3qzyp6j4bda[.]onion[.]to,,
,,6ppk2oii4hsweqb7[.]onion[.]cab,,
,,6ppk2oii4hsweqb7[.]onion[.]link,,
,,6ppk2oii4hsweqb7[.]onion[.]nu,,
,,6ppk2oii4hsweqb7[.]onion[.]to,,
,,6vncblhu2qbt7jo6[.]onion[.]link,,
,,6vncblhu2qbt7jo6[.]onion[.]to,,
,,7ks52yjrg75l4a7a[.]onion[.]guide,,
,,7ks52yjrg75l4a7a[.]onion[.]plus,,
,,7ks52yjrg75l4a7a[.]onion[.]to,,
,,7ks52yjrg75l4a7a[.]onion[.]top,,
,,ah5oaxc2b3gog5tv[.]onion[.]guide,,
,,ah5oaxc2b3gog5tv[.]onion[.]plus,,
,,ah5oaxc2b3gog5tv[.]onion[.]to,,
,,ah5oaxc2b3gog5tv[.]onion[.]top,,
,,aoj2cxd562rzm6b4[.]onion[.]guide,,
,,aoj2cxd562rzm6b4[.]onion[.]plus,,
,,aoj2cxd562rzm6b4[.]onion[.]to,,
,,aoj2cxd562rzm6b4[.]onion[.]top,,
,,b4l7gbnyduslzhq4[.]onion[.]link,,
,,b4l7gbnyduslzhq4[.]onion[.]link,,
,,b4l7gbnyduslzhq4[.]onion[.]to,,
,,b4l7gbnyduslzhq4[.]onion[.]to,,
,,biu7giko4sisp4lw[.]onion[.]link,,
,,biu7giko4sisp4lw[.]onion[.]to,,
,,c2ycqnwhj6yqhhai[.]onion[.]link,,
,,c2ycqnwhj6yqhhai[.]onion[.]link,,
,,c2ycqnwhj6yqhhai[.]onion[.]to,,
,,c2ycqnwhj6yqhhai[.]onion[.]to,,
,,coaeeaer3pqcks7m[.]onion[.]link,,
,,coaeeaer3pqcks7m[.]onion[.]to,,
,,cve637cartfax7ev[.]onion[.]link,,
,,cve637cartfax7ev[.]onion[.]link,,
,,cve637cartfax7ev[.]onion[.]to,,
,,cve637cartfax7ev[.]onion[.]to,,
,,dzzh6qcw6keale7n[.]onion[.]link,,
,,dzzh6qcw6keale7n[.]onion[.]link,,
,,dzzh6qcw6keale7n[.]onion[.]to,,
,,dzzh6qcw6keale7n[.]onion[.]to,,
,,e57u4nkwgrqshb65[.]onion[.]link,,
,,e57u4nkwgrqshb65[.]onion[.]to,,
,,exzifjjxhvj7k4af[.]onion[.]link,,
,,exzifjjxhvj7k4af[.]onion[.]to,,
,,f334jtfk2ujzsh55[.]onion[.]guide,,
,,f334jtfk2ujzsh55[.]onion[.]plus,,
,,f334jtfk2ujzsh55[.]onion[.]to,,
,,f334jtfk2ujzsh55[.]onion[.]top,,
,,fqxxtwzobjd2wmll[.]onion[.]link,,
,,fqxxtwzobjd2wmll[.]onion[.]to,,
,,ga7kdyiq5dxxl7x6[.]onion[.]link,,
,,ga7kdyiq5dxxl7x6[.]onion[.]to,,
,,gmpsfqrlquaokfl5[.]onion[.]cab,,
,,gmpsfqrlquaokfl5[.]onion[.]link,,
,,gmpsfqrlquaokfl5[.]onion[.]nu,,
,,gmpsfqrlquaokfl5[.]onion[.]to,,
,,grux7gzs5fbppkjo[.]onion[.]link,,
,,grux7gzs5fbppkjo[.]onion[.]link,,
,,grux7gzs5fbppkjo[.]onion[.]to,,
,,grux7gzs5fbppkjo[.]onion[.]to,,
,,h5mxnmeitj4vvrkd[.]onion[.]link,,
,,h5mxnmeitj4vvrkd[.]onion[.]link,,
,,h5mxnmeitj4vvrkd[.]onion[.]to,,
,,h5mxnmeitj4vvrkd[.]onion[.]to,,
,,hdbfosorb4txoemn[.]onion[.]guide,,
,,hdbfosorb4txoemn[.]onion[.]plus,,
,,hdbfosorb4txoemn[.]onion[.]to,,
,,hdbfosorb4txoemn[.]onion[.]top,,
,,hlpdosr7bjcnwffq[.]onion[.]link,,
,,hlpdosr7bjcnwffq[.]onion[.]to,,
,,hz4eks3znb6yjkne[.]onion[.]guide,,
,,hz4eks3znb6yjkne[.]onion[.]plus,,
,,hz4eks3znb6yjkne[.]onion[.]to,,
,,hz4eks3znb6yjkne[.]onion[.]top,,
,,igxhhnue75hvk5yc[.]onion[.]cab,,
,,igxhhnue75hvk5yc[.]onion[.]link,,
,,igxhhnue75hvk5yc[.]onion[.]nu,,
,,igxhhnue75hvk5yc[.]onion[.]to,,
,,j3hicblskgzmtn57[.]onion[.]link,,
,,j3hicblskgzmtn57[.]onion[.]link,,
,,j3hicblskgzmtn57[.]onion[.]to,,
,,j3hicblskgzmtn57[.]onion[.]to,,
,,j6cwasvq7u25xllt[.]onion[.]link,,
,,j6cwasvq7u25xllt[.]onion[.]to,,
,,js2dqordly7dh5pe[.]onion[.]link,,
,,js2dqordly7dh5pe[.]onion[.]link,,
,,js2dqordly7dh5pe[.]onion[.]to,,
,,js2dqordly7dh5pe[.]onion[.]to,,
,,lmco62zvt7fnezd5[.]onion[.]cab,,
,,lmco62zvt7fnezd5[.]onion[.]guide,,
,,lmco62zvt7fnezd5[.]onion[.]guide,,
,,lmco62zvt7fnezd5[.]onion[.]link,,
,,lmco62zvt7fnezd5[.]onion[.]nu,,
,,lmco62zvt7fnezd5[.]onion[.]plus,,
,,lmco62zvt7fnezd5[.]onion[.]plus,,
,,lmco62zvt7fnezd5[.]onion[.]to,,
,,lmco62zvt7fnezd5[.]onion[.]to,,
,,lmco62zvt7fnezd5[.]onion[.]top,,
,,lmco62zvt7fnezd5[.]onion[.]top,,
,,lt7n4primhnggubc[.]onion[.]link,,
,,lt7n4primhnggubc[.]onion[.]to,,
,,lzmy7ihwtp3sk7zy[.]onion[.]guide,,
,,lzmy7ihwtp3sk7zy[.]onion[.]plus,,
,,lzmy7ihwtp3sk7zy[.]onion[.]to,,
,,lzmy7ihwtp3sk7zy[.]onion[.]top,,
,,m2262t2gm3hjchwq[.]onion[.]link,,
,,m2262t2gm3hjchwq[.]onion[.]to,,
,,oaqwipugt3j76uh3[.]onion[.]guide,,
,,oaqwipugt3j76uh3[.]onion[.]plus,,
,,oaqwipugt3j76uh3[.]onion[.]to,,
,,oaqwipugt3j76uh3[.]onion[.]top,,
,,ood234tvqvwgyhyc[.]onion[.]link,,
,,ood234tvqvwgyhyc[.]onion[.]link,,
,,ood234tvqvwgyhyc[.]onion[.]to,,
,,ood234tvqvwgyhyc[.]onion[.]to,,
,,oplrj4fkrttdb73g[.]onion[.]guide,,
,,oplrj4fkrttdb73g[.]onion[.]plus,,
,,oplrj4fkrttdb73g[.]onion[.]to,,
,,oplrj4fkrttdb73g[.]onion[.]top,,
,,os753ef6bou7d23c[.]onion[.]guide,,
,,os753ef6bou7d23c[.]onion[.]plus,,
,,os753ef6bou7d23c[.]onion[.]to,,
,,os753ef6bou7d23c[.]onion[.]top,,
,,q5qfxjzckoclzk2y[.]onion[.]guide,,
,,q5qfxjzckoclzk2y[.]onion[.]plus,,
,,q5qfxjzckoclzk2y[.]onion[.]to,,
,,q5qfxjzckoclzk2y[.]onion[.]top,,
,,qcuifb2klqqkwc5q[.]onion[.]cab,,
,,qcuifb2klqqkwc5q[.]onion[.]guide,,
,,qcuifb2klqqkwc5q[.]onion[.]link,,
,,qcuifb2klqqkwc5q[.]onion[.]nu,,
,,qcuifb2klqqkwc5q[.]onion[.]plus,,
,,qcuifb2klqqkwc5q[.]onion[.]to,,
,,qcuifb2klqqkwc5q[.]onion[.]top,,
,,r5phdthf46spnmuq[.]onion[.]link,,
,,r5phdthf46spnmuq[.]onion[.]to,,
,,renwpgvrkmauxfws[.]onion[.]link,,
,,renwpgvrkmauxfws[.]onion[.]link,,
,,renwpgvrkmauxfws[.]onion[.]to,,
,,renwpgvrkmauxfws[.]onion[.]to,,
,,s2bn3jdxpqx5gslq[.]onion[.]link,,
,,s2bn3jdxpqx5gslq[.]onion[.]to,,
,,s4k4gzygl3qit5qk[.]onion[.]link,,
,,s4k4gzygl3qit5qk[.]onion[.]to,,
,,sovszfviiaaqjm4s[.]onion[.]link,,
,,sovszfviiaaqjm4s[.]onion[.]to,,
,,sozqqiqwlodbkdvk[.]onion[.]guide,,
,,sozqqiqwlodbkdvk[.]onion[.]plus,,
,,sozqqiqwlodbkdvk[.]onion[.]to,,
,,sozqqiqwlodbkdvk[.]onion[.]top,,
,,t4njhv4d25qyck67[.]onion[.]link,,
,,t4njhv4d25qyck67[.]onion[.]link,,
,,t4njhv4d25qyck67[.]onion[.]to,,
,,t4njhv4d25qyck67[.]onion[.]to,,
,,tqz3y4w3eq4wi2ay[.]onion[.]cab,,
,,tqz3y4w3eq4wi2ay[.]onion[.]guide,,
,,tqz3y4w3eq4wi2ay[.]onion[.]guide,,
,,tqz3y4w3eq4wi2ay[.]onion[.]link,,
,,tqz3y4w3eq4wi2ay[.]onion[.]nu,,
,,tqz3y4w3eq4wi2ay[.]onion[.]plus,,
,,tqz3y4w3eq4wi2ay[.]onion[.]plus,,
,,tqz3y4w3eq4wi2ay[.]onion[.]to,,
,,tqz3y4w3eq4wi2ay[.]onion[.]to,,
,,tqz3y4w3eq4wi2ay[.]onion[.]top,,
,,tqz3y4w3eq4wi2ay[.]onion[.]top,,
,,txbm7renwofrtddr[.]onion[.]guide,,
,,txbm7renwofrtddr[.]onion[.]plus,,
,,txbm7renwofrtddr[.]onion[.]to,,
,,txbm7renwofrtddr[.]onion[.]top,,
,,w4gfzjunvynjhpj6[.]onion[.]cab,,
,,w4gfzjunvynjhpj6[.]onion[.]guide,,
,,w4gfzjunvynjhpj6[.]onion[.]link,,
,,w4gfzjunvynjhpj6[.]onion[.]nu,,
,,w4gfzjunvynjhpj6[.]onion[.]plus,,
,,w4gfzjunvynjhpj6[.]onion[.]to,,
,,w4gfzjunvynjhpj6[.]onion[.]top,,
,,xphkxaiz233pjoto[.]onion[.]cab,,
,,xphkxaiz233pjoto[.]onion[.]link,,
,,xphkxaiz233pjoto[.]onion[.]nu,,
,,xphkxaiz233pjoto[.]onion[.]to,,
,,y57obpv3ukywc4xs[.]onion[.]guide,,
,,y57obpv3ukywc4xs[.]onion[.]plus,,
,,y57obpv3ukywc4xs[.]onion[.]to,,
,,y57obpv3ukywc4xs[.]onion[.]top,,
,,zhtwwpqt6ci62n5o[.]onion[.]cab,,
,,zhtwwpqt6ci62n5o[.]onion[.]guide,,
,,zhtwwpqt6ci62n5o[.]onion[.]link,,
,,zhtwwpqt6ci62n5o[.]onion[.]nu,,
,,zhtwwpqt6ci62n5o[.]onion[.]plus,,
,,zhtwwpqt6ci62n5o[.]onion[.]to,,
,,zhtwwpqt6ci62n5o[.]onion[.]top,,
,,zlha65umg7qmprg6[.]onion[.]cab,,
,,zlha65umg7qmprg6[.]onion[.]guide,,
,,zlha65umg7qmprg6[.]onion[.]link,,
,,zlha65umg7qmprg6[.]onion[.]nu,,
,,zlha65umg7qmprg6[.]onion[.]plus,,
,,zlha65umg7qmprg6[.]onion[.]to,,
,,zlha65umg7qmprg6[.]onion[.]top,,
,,znhp4s7aywntpjnm[.]onion[.]guide,,
,,znhp4s7aywntpjnm[.]onion[.]plus,,
,,znhp4s7aywntpjnm[.]onion[.]to,,
,,znhp4s7aywntpjnm[.]onion[.]top,https://alln-extcloud-storage.cisco.com/ciscoblogs/5ab3babacc363.txt,27-Mar
,b0f30741a2449f4d8d5ffe4b029a6d3959775818bf2e85bab7fea29bd5acafa4,,https://threatpost.com/sanny-malware-updates-delivery-method/130803/,27-Mar
,e29fad201feba8bd9385893d3c3db42bba094483a51d17e0217ceb7d3a7c08f1,,,
,eb394523df31fc83aefa402f8015c4a46f534c0a1f224151c47e80513ceea46f,,,
,a2e897c03f313a097dc0f3c5245071fbaeee316cfb3f07785932605046697170,,,
,a3b2c4746f471b4eabc3d91e2d0547c6f3e7a10a92ce119d92fa70a6d7d3a113,,https://threatpost.com/sanny-malware-updates-delivery-method/130803/,27-Mar
,,mxcdn1[.]now.sh,https://www.bleepingcomputer.com/news/security/in-browser-cryptojacking-is-getting-harder-to-detect/,27-Mar
,,mxcdn2[.]now.sh,,
,,npcdn1[.]now.sh,,
,,sxcdn02[.]now.sh,,
,,sxcdn3[.]now.sh,,
,,sxcdn4[.]now.sh,,
,,sxcdn6[.]now.sh,https://www.bleepingcomputer.com/news/security/in-browser-cryptojacking-is-getting-harder-to-detect/,27-Mar
,bf664370a287f83a67eb9ec01d575cad3bcdfbec2e2290a5e8d570999566e79e,,https://www.bleepingcomputer.com/news/security/the-diskwriter-or-uselessdisk-bootlocker-may-be-a-wiper/,26-Mar
,233767c999cb351c19f993039552a3be754cc0bb87304ab50b74433015b08316,,,
,a64dd2f21a42713131f555bea9d0a76918342d696ef6731608a9dbc57b79b32f,,,
,58c7c883785ad27434ca8c9fc20b02885c9c24e884d7f6f1c0cc2908a3e111f2,,,
,,bxp44w3qwwrmuupc.onion,,
,,supp2decr@cock.li,,
,,supp1decr@cock.li,https://www.bleepingcomputer.com/news/security/the-diskwriter-or-uselessdisk-bootlocker-may-be-a-wiper/,26-Mar
,,activatetool.com,"https://documents.trendmicro.com/assets/Pop-upadsandOveraHundredSitesareHelpingDistributeBotnets,CryptocurrencyMinersandRansomware-Appendix.pdf",
,,allupdates.net,,26-Mar
,,bestofkeygen.com,,
,,ckfile.com,,
,,crack4k.com,,
,,crackandkeygen.com,,
,,crackasm.com,,
,,crackedits.com,,
,,crackednow.com,,
,,crackedpc.com,,
,,crackedpc.org,,
,,crackedreal.com,,
,,crackflare.com,,
,,crackfullpc.com,,
,,crackfullworld.com,,
,,crackithub.com,,
,,crackkey.net,,
,,crackkeys.org,,
,,cracklists.com,,
,,crackmakes.com,,
,,crackorigin.com,,
,,crackprowin.com,,
,,cracksapp.com,,
,,cracksbeforesoft.com,,
,,cracksbook.com,,
,,cracksbox.com,,
,,cracksea.com,,
,,crackslink.com,,
,,cracksmine.com,,
,,cracksofthub.com,,
,,cracksone.com,,
,,crackstell.com,,
,,crackswall.com,,
,,crackswar.com,,
,,crackswell.com,,
,,crackswin.com,,
,,crackswork.com,,
,,crackszone.net,,
,,cracktorrent.com,,
,,crackworld.net,,
,,crackxonly.com,,
,,crackzee.com,,
,,cracx.com,,
,,cracx.net,,
,,cracxactivator.com,,
,,cracxfree.com,,
,,cracxtool.com,,
,,daily2crack.com,,
,,fdcrack.com,,
,,flamboyantly.info,,
,,freeactivators.com,,
,,freesoftsfiles.com,,
,,fullactivators.com,,
,,fullcrackmac.com,,
,,fullsoftwarez.com,,
,,haxcrack.com,,
,,haxkeys.com,,
,,haxri.com,,
,,hdcrack.com,,
,,howtocracksoft.com,,
,,hqcrack.com,,
,,insiderex.com,,
,,itisfile.com,,
,,keygensoftware.com,,
,,keygenworld.com,,
,,lcrack.com,,
,,lumion8crack.com,,
,,macactivator.com,,
,,maccrack.net,,
,,macinwin.com,,
,,macupdater.com,,
,,maqprosoft.co,,
,,onhaxapk.me,,
,,onhaxcrack.me,,
,,pcactivators.com,,
,,pccracked.com,,
,,pcfullversion.com,,
,,pcprocrack.com,,
,,pcsoftnkeygen.com,,
,,pcsoftwarespro.com,,
,,pcwarez.org,,
,,postapk.com,,
,,procracks.net,,
,,procracksoft.com,,
,,procrackz.com,,
,,procracx.com,,
,,prosoftcrack.com,,
,,racracks.com,,
,,realcracks.net,,
,,realcracksoft.com,,
,,rootcracked.com,,
,,secrack.com,,
,,shoaibpc.com,,
,,snapcrack.net,,
,,softactivator.com,,
,,softenia.com,,
,,softnkeygen.com,,
,,softsasm.com,,
,,softshere.com,,
,,softsmob.com,,
,,softwaresa2z.com,,
,,softwaresdaily.com,,
,,softwaresdaily.net,,
,,softwareshax.com,,
,,softwarespatch.com,,
,,softwarezcrack.com,,
,,softwarezpro.com,,
,,theinspiron.com,,
,,thepcwares.com,,
,,warezcrack.net,,
,,warezkeys.com,,
,,warezx.net,,
,,winsoftmac.com,,
,,workingkeygen.com,,
,,www.keysfull.com,,
,,zipsoftwares.com,,
,,epictorrents.com,,
,,etorrent.club,,
,,inerino.ru ,,
,,chlen.bit ,,
,,d3s1.me ,,
,,godz.bit ,,
,,ram1.bit,,
,,tretiuybbd.,,
,,boorgen.pw ,,
,,advstat5.win ,,
,,advstat70.host ,,
,,readybit7.win ,,
,,spaceclub30.win ,,
,,needyoulove.pw ,,
,,gidrobon.pw ,,
,,watermaker10.bit ,,
,,gdcb.bit GandCrab ,,
,,malwarehunterteam.bit,,
,a7a09ba7c9dc34fe28836310863f47c9f945ac3f53225c26310d0eb967888f7d,,,
,3dafda982f1775498018b660a7cb97cf42c0362362aa1124ca14534f92f097c0,,,
,d6c32a028f1b49fd7e5aa2ed6abf1dc6843951be095ec0d262370238b08901c2 ,,,
,0e8beaf0504f3d14cf85d4362797bad98ad3fb7b36bb89b09482ae1ac8aedaff,,,
,2137ac079e435087125529bcd96bee3021837dd87f3f0cbf69153d787bee8d83,,,
,a717e5991bb3a4516b2a120d219e21944428e2b7deb2ab6733849839be07e8f4 ,,,
,d3cfa3a6b06f8468fc95a4cfb105c199923240f6a7721707a10128898ca52351,,,
,8a13b3b6b86668c0b73e6e2a41019aad3facb7ef76ca75588f01e25eb68ddca9,,,
,6b4a1ef616c2554592d12c29c30ae04f46dc4c71e8e5b52c802ba4f161f8cedb,,,
,ab23bb13cda920a539dd43b72f4348be1df358f3a3a1889cbc66d1d58e989fd5 ,,,
,84a3dea39e10cc4066036013219bd0faed4a453ce36012b4e51ef9a4100b6282,,,
,e331a165ede87506376e0d4ce3135abdb610d82001b5a8cb27ff99b62a153a78,,,
,1cd1275d15a2c1f7dcfdae2f5c33a24279d1c0e8d352a039edda3d281670ac95 ,,,
,fdc5e87411376fe5b7eec1fe1bf6b3447b88b022a72ebc9b91d2ced7bc1b00ff,,,
,24BB36D9543CF1DE86EF442CC50C10A3A3D3A3D577226D6E9BFFBBAFD3542ECD ,,,
,600afae6b9509dda4cdf8486251cf4846effb59e585ccf31aca8e0a923a8eacc,,,
,18ccea7115a2921234e16747555dd94e1cfdc79b8081aeafac0061691cdb4b87,,,
,d85abae0348bb6c7fd793c88dd7d7b5196bbc08b4ffc479198805ce231ed87ee,,,
,bf4b944d01a39c5c426315310671f5f309d7348fbc5113110cb3b6a9bb063644,,,
,b1b5e89c3c60281730264f968213427ea127d885ce8a008b83943883afa2bd29 ,,,
,83aeeea83e2a727abb18b1a7b13da7b0e4961668bb40ee98aa046200c6908d5e,,,
,35a5ad36c0d441c51fb331590233870a7195041b09b52c18bb43b444ed5de944,,,
,4b766e422d3bc2121a3ecdd20d7ca18eedf6fa3b55b4628782af7cae643db883 ,,"https://documents.trendmicro.com/assets/Pop-upadsandOveraHundredSitesareHelpingDistributeBotnets,CryptocurrencyMinersandRansomware-Appendix.pdf",26-Mar
